cut,flute_1,flute_2,flute_3
1,32.31711361,48.89261732,37.72082548
2,37.914879,49.57081504,37.72082548
3,43.08790971,50.30286727,37.72082548
4,47.8590723,51.08365203,37.84985103
5,52.25032922,51.90828793,38.17266456
6,56.28276562,52.77212655,38.61755643
7,59.97661561,53.6707451,39.17455623
8,63.3512879,54.5999392,39.83415523
9,66.4253909,55.55571585,40.58729178